121042,"Livro 1 - E-book + Impresso"
121045,"Livro 2 - E-book + Impresso"
121046,"Livro 1 - Impresso"
121049,"Livro 1 - E-book + Impresso"
121050,"Livro 1 - Impresso"
121051,"Livro 1 - E-book"
121052,"Livro 1 - Impresso"
121054,"Livro 1 - Impresso"
121055,"Livro 1 - E-book"
121056,"Livro 2 - E-book"
121057,"Livro 2 - E-book + Impresso"
121058,"Livro 1 - E-book"
121059,"Livro 1 - E-book"
121060,"Livro 4 - E-book + Impresso"
121061,"Livro 1 - E-book"
121061,"Livro 5 - E-book"
121061,"Livro 2 - E-book"
121061,"Livro 4 - E-book"
121062,"Livro 4 - E-book"
121063,"Livro 4 - E-book"
121064,"Livro 4 - E-book"
121064,"Livro 2 - E-book"
121065,"Livro 3 - Impresso"
121066,"Livro 3 - E-book"
121067,"Livro 2 - E-book"
121068,"Livro 1 - E-book"
121069,"Livro 1 - E-book"
121070,"Livro 1 - E-book"
121071,"Livro 1 - E-book + Impresso"
121072,"Livro 1 - E-book + Impresso"
121073,"Livro 1 - E-book"
121074,"Livro 5 - E-book"
121075,"Livro 2 - E-book"
121076,"Livro 4 - E-book"
121077,"Livro 4 - E-book"
121077,"Livro 2 - E-book"
121078,"Livro 3 - E-book + Impresso"
121079,"Livro 1 - E-book"
121079,"Livro 3 - E-book"
121080,"Livro 5 - E-book + Impresso"
121080,"Livro 4 - E-book + Impresso"
121080,"Livro 2 - E-book + Impresso"
121081,"Livro 2 - E-book"
121082,"Livro 2 - E-book"
121083,"Livro 4 - E-book"
121084,"Livro 1 - E-book"
121085,"Livro 4 - E-book"
121086,"Livro 1 - E-book + Impresso"
121087,"Livro 3 - E-book"
121087,"Livro 1 - E-book"
121087,"Livro 2 - E-book"
121088,"Livro 1 - E-book"
121089,"Livro 2 - E-book"
121089,"Livro 6 - E-book"
121089,"Livro 1 - E-book"
121090,"Livro 3 - E-book"
121092,"Livro 2 - E-book + Impresso"
121092,"Livro 1 - E-book + Impresso"
121093,"Livro 4 - E-book"
121094,"Livro 6 - E-book + Impresso"
121097,"Livro 3 - E-book"
121098,"Livro 3 - E-book"
121099,"Livro 3 - E-book"
121100,"Livro 1 - E-book"
121101,"Livro 4 - E-book"
121102,"Livro 3 - E-book + Impresso"
121103,"Livro 1 - E-book + Impresso"
121104,"Livro 3 - E-book"
121105,"Livro 3 - E-book"
121106,"Livro 6 - E-book"
121107,"Livro 4 - E-book"
121108,"Livro 3 - E-book"
121109,"Livro 2 - E-book"
121110,"Livro 3 - E-book + Impresso"
121113,"Livro 4 - E-book + Impresso"
121114,"Livro 4 - E-book"
121115,"Livro 1 - E-book"
121116,"Livro 2 - E-book"
121117,"Livro 1 - E-book"
121118,"Livro 2 - Impresso"
121119,"Livro 3 - E-book + Impresso"
121122,"Livro 2 - E-book"
121123,"Livro 3 - E-book"
121124,"Livro 3 - E-book + Impresso"
121125,"Livro 3 - E-book"
121126,"Livro 2 - E-book"
121127,"Livro 3 - E-book + Impresso"
121129,"Livro 1 - E-book"
121130,"Livro 3 - E-book"
121131,"Livro 1 - E-book"
121132,"Livro 2 - E-book"
121133,"Livro 4 - E-book"
121134,"Livro 1 - E-book"
121135,"Livro 3 - E-book"
121136,"Livro 5 - E-book"
121137,"Livro 3 - E-book"
121138,"Livro 3 - E-book + Impresso"
121139,"Livro 2 - E-book"
121140,"Livro 4 - E-book + Impresso"
121141,"Livro 1 - E-book"
121142,"Livro 2 - E-book + Impresso"
121142,"Livro 1 - E-book + Impresso"
121143,"Livro 1 - Impresso"
121144,"Livro 1 - E-book"
121145,"Livro 1 - E-book"
121146,"Livro 2 - E-book"
121146,"Livro 1 - E-book"
121147,"Livro 1 - E-book"
121149,"Livro 3 - E-book"
121150,"Livro 1 - E-book"
121151,"Livro 2 - E-book"
121152,"Livro 3 - E-book"
121153,"Livro 3 - E-book"
121154,"Livro 6 - E-book"
121155,"Livro 4 - E-book"
121156,"Livro 2 - E-book"
121157,"Livro 1 - E-book"
121158,"Livro 4 - E-book + Impresso"
121159,"Livro 1 - E-book + Impresso"
121160,"Livro 6 - E-book"
121160,"Livro 1 - E-book"
121160,"Livro 2 - E-book"
121161,"Livro 2 - E-book"
121163,"Livro 2 - E-book"
121164,"Livro 4 - E-book"
121166,"Livro 3 - E-book"
121166,"Livro 2 - E-book"
121166,"Livro 5 - E-book"
121167,"Livro 2 - E-book + Impresso"
121170,"Livro 2 - E-book"
121171,"Livro 3 - E-book"
121171,"Livro 1 - E-book"
121172,"Livro 6 - E-book"
121173,"Livro 2 - E-book"
121173,"Livro 1 - E-book"
121174,"Livro 4 - E-book"
121177,"Livro 4 - E-book"
121178,"Livro 4 - E-book"
121179,"Livro 3 - E-book"
121180,"Livro 2 - E-book"
121181,"Livro 3 - E-book"
121182,"Livro 6 - E-book"
121183,"Livro 4 - E-book"
121184,"Livro 2 - E-book"
121185,"Livro 3 - E-book"
121186,"Livro 2 - E-book"
121187,"Livro 3 - E-book"
121188,"Livro 3 - E-book"
121189,"Livro 2 - E-book"
121190,"Livro 2 - Impresso"
121191,"Livro 3 - E-book"
121192,"Livro 5 - E-book"
121193,"Livro 2 - E-book"
121195,"Livro 2 - E-book"
121197,"Livro 3 - E-book + Impresso"
121198,"Livro 5 - E-book"
121199,"Livro 2 - E-book"
121200,"Livro 3 - E-book"
121200,"Livro 2 - E-book"
121201,"Livro 2 - E-book"
121202,"Livro 2 - E-book"
121202,"Livro 3 - E-book"
121203,"Livro 2 - E-book"
121204,"Livro 3 - E-book"
121205,"Livro 1 - E-book"
121206,"Livro 1 - E-book"
121207,"Livro 4 - E-book + Impresso"
121208,"Livro 2 - E-book"
121211,"Livro 6 - E-book"
121212,"Livro 1 - E-book"
121213,"Livro 4 - E-book"
121215,"Livro 4 - E-book"
121216,"Livro 6 - E-book"
121216,"Livro 4 - E-book"
121217,"Livro 6 - E-book"
121218,"Livro 4 - E-book"
121219,"Livro 4 - E-book + Impresso"
121220,"Livro 4 - E-book"
121221,"Livro 5 - E-book"
121222,"Livro 4 - E-book"
121223,"Livro 4 - Impresso"
121224,"Livro 4 - E-book"
121225,"Livro 5 - E-book"
121227,"Livro 4 - E-book"
121228,"Livro 2 - E-book"
121228,"Livro 3 - E-book"
121229,"Livro 4 - E-book"
121229,"Livro 2 - E-book"
121230,"Livro 4 - E-book"
121231,"Livro 6 - E-book"
121233,"Livro 4 - E-book"
121234,"Livro 5 - E-book"
121234,"Livro 4 - E-book"
121234,"Livro 2 - E-book"
121235,"Livro 4 - E-book"
121235,"Livro 1 - E-book"
121236,"Livro 4 - E-book"
121237,"Livro 4 - E-book"
121238,"Livro 5 - E-book"
121238,"Livro 2 - E-book"
121239,"Livro 4 - E-book"
121240,"Livro 2 - Impresso"
121241,"Livro 4 - E-book"
121243,"Livro 4 - E-book"
121244,"Livro 1 - E-book"
121245,"Livro 4 - E-book"
121246,"Livro 1 - E-book"
121247,"Livro 3 - E-book"
121248,"Livro 6 - E-book"
121250,"Livro 3 - E-book"
121251,"Livro 3 - E-book"
121252,"Livro 6 - E-book"
121253,"Livro 1 - E-book"
121254,"Livro 4 - Impresso"
121255,"Livro 4 - Impresso"
121256,"Livro 1 - E-book"
121257,"Livro 1 - E-book"
121258,"Livro 4 - E-book + Impresso"
121261,"Livro 5 - E-book"
121262,"Livro 1 - Impresso"
121262,"Livro 4 - E-book + Impresso"
121263,"Livro 7 - E-book + Impresso"
121263,"Livro 8 - E-book + Impresso"
121263,"Livro 9 - E-book + Impresso"
121263,"Livro 3 - E-book + Impresso"
121264,"Livro 9 - E-book"
121265,"Livro 7 - E-book + Impresso"
121265,"Livro 8 - E-book + Impresso"
121265,"Livro 9 - E-book"
121266,"Livro 8 - E-book + Impresso"
121267,"Livro 10 - E-book + Impresso"
121268,"Livro 9 - E-book"
121269,"Livro 9 - Impresso"
121270,"Livro 9 - E-book"
121271,"Livro 2 - E-book"
121272,"Livro 9 - E-book"
121273,"Livro 7 - E-book"
121273,"Livro 8 - E-book"
121273,"Livro 9 - E-book"
121275,"Livro 1 - Impresso"
121276,"Livro 7 - E-book"
121277,"Livro 8 - E-book"
121277,"Livro 2 - E-book"
121278,"Livro 5 - E-book"
121279,"Livro 9 - E-book"
121280,"Livro 7 - E-book"
121281,"Livro 9 - E-book"
121282,"Livro 3 - E-book"
121282,"Livro 9 - E-book"
121283,"Livro 6 - E-book"
121284,"Livro 4 - E-book"
121284,"Livro 2 - E-book"
121285,"Livro 2 - E-book"
121285,"Livro 5 - E-book"
121286,"Livro 9 - E-book"
121287,"Livro 3 - E-book + Impresso"
121288,"Livro 9 - E-book"
121289,"Livro 6 - E-book"
121290,"Livro 6 - E-book"
121291,"Livro 7 - E-book"
121291,"Livro 6 - E-book"
121291,"Livro 1 - E-book"
121292,"Livro 9 - E-book"
121296,"Livro 9 - E-book"
121297,"Livro 4 - E-book"
121298,"Livro 3 - E-book"
121299,"Livro 9 - E-book"
121300,"Livro 8 - E-book + Impresso"
121300,"Livro 6 - Impresso"
121302,"Livro 9 - E-book"
121303,"Livro 9 - E-book"
121304,"Livro 9 - E-book"
121305,"Livro 6 - E-book"
121306,"Livro 6 - E-book"
121307,"Livro 2 - E-book"
121308,"Livro 10 - E-book"
121308,"Livro 9 - E-book"
121309,"Livro 8 - E-book"
121311,"Livro 2 - E-book + Impresso"
121311,"Livro 10 - E-book + Impresso"
121312,"Livro 10 - E-book"
121313,"Livro 7 - E-book"
121313,"Livro 6 - E-book"
121313,"Livro 2 - E-book"
121313,"Livro 8 - E-book"
121313,"Livro 10 - E-book"
121314,"Livro 1 - Impresso"
121315,"Livro 9 - E-book"
121316,"Livro 3 - E-book"
121317,"Livro 10 - E-book"
121318,"Livro 8 - E-book"
121319,"Livro 2 - E-book"
121320,"Livro 2 - E-book"
121320,"Livro 5 - E-book"
121321,"Livro 6 - E-book"
121322,"Livro 9 - E-book + Impresso"
121323,"Livro 9 - E-book"
121324,"Livro 9 - Impresso"
121325,"Livro 9 - E-book"
121327,"Livro 9 - E-book + Impresso"
121328,"Livro 3 - E-book"
121330,"Livro 4 - E-book"
121333,"Livro 9 - E-book"
121334,"Livro 9 - E-book"
121335,"Livro 9 - E-book"
121335,"Livro 6 - E-book"
121336,"Livro 9 - E-book"
121337,"Livro 4 - E-book"
121338,"Livro 9 - E-book + Impresso"
121339,"Livro 9 - Impresso"
121340,"Livro 9 - E-book"
121341,"Livro 9 - E-book"
121342,"Livro 9 - E-book"
121342,"Livro 3 - E-book"
121343,"Livro 9 - Impresso"
121344,"Livro 9 - E-book"
121345,"Livro 9 - E-book"
121346,"Livro 6 - E-book"
121347,"Livro 2 - E-book"
121348,"Livro 9 - E-book"
121349,"Livro 7 - E-book + Impresso"
121350,"Livro 6 - E-book"
121350,"Livro 7 - E-book"
121350,"Livro 9 - E-book"
121351,"Livro 4 - E-book"
121351,"Livro 9 - E-book"
121351,"Livro 10 - E-book"
121351,"Livro 2 - E-book"
121351,"Livro 1 - E-book"
121351,"Livro 3 - E-book"
121352,"Livro 9 - E-book + Impresso"
121353,"Livro 8 - E-book"
121354,"Livro 6 - E-book"
121355,"Livro 9 - E-book"
121356,"Livro 9 - E-book"
121357,"Livro 8 - E-book"
121358,"Livro 9 - E-book"
121359,"Livro 9 - E-book"
121360,"Livro 9 - E-book"
121361,"Livro 9 - E-book"
121361,"Livro 8 - E-book"
121361,"Livro 1 - E-book"
121362,"Livro 8 - E-book + Impresso"
121362,"Livro 2 - E-book + Impresso"
121363,"Livro 9 - E-book"
121365,"Livro 9 - E-book + Impresso"
121366,"Livro 4 - E-book"
121366,"Livro 5 - E-book"
121367,"Livro 9 - E-book"
121368,"Livro 9 - E-book"
121369,"Livro 9 - E-book"
121370,"Livro 3 - E-book"
121371,"Livro 6 - E-book"
121372,"Livro 3 - E-book"
121373,"Livro 6 - E-book + Impresso"
121374,"Livro 3 - E-book"
121375,"Livro 6 - E-book"
121375,"Livro 9 - E-book"
121376,"Livro 9 - E-book"
121377,"Livro 9 - E-book"
121378,"Livro 2 - E-book"
121378,"Livro 4 - E-book"
121379,"Livro 9 - E-book"
121380,"Livro 10 - E-book"
121382,"Livro 10 - E-book"
121383,"Livro 5 - E-book"
121384,"Livro 9 - E-book"
121385,"Livro 9 - E-book"
121386,"Livro 3 - E-book + Impresso"
121387,"Livro 3 - E-book"
121388,"Livro 6 - Impresso"
121389,"Livro 8 - E-book"
121389,"Livro 2 - E-book"
121390,"Livro 9 - E-book"
121391,"Livro 9 - E-book"
121392,"Livro 3 - Impresso"
121393,"Livro 3 - E-book"
121394,"Livro 9 - E-book"
121396,"Livro 9 - E-book"
121397,"Livro 9 - E-book"
121398,"Livro 4 - E-book"
121399,"Livro 3 - E-book"
121400,"Livro 8 - E-book"
121401,"Livro 5 - E-book"
121402,"Livro 6 - E-book"
121403,"Livro 3 - E-book"
121404,"Livro 2 - E-book"
121405,"Livro 3 - E-book"
121408,"Livro 2 - E-book"
121409,"Livro 9 - E-book"
121410,"Livro 9 - Impresso"
121411,"Livro 3 - E-book"
121413,"Livro 4 - E-book"
121414,"Livro 9 - E-book"
121415,"Livro 6 - E-book"
121416,"Livro 3 - E-book"
121417,"Livro 9 - E-book"
121418,"Livro 3 - E-book"
121419,"Livro 2 - E-book"
121420,"Livro 4 - E-book"
121420,"Livro 9 - E-book"
121421,"Livro 1 - E-book"
121422,"Livro 6 - E-book + Impresso"
121423,"Livro 9 - E-book"
121424,"Livro 10 - E-book"
121424,"Livro 3 - E-book"
121426,"Livro 3 - E-book"
121427,"Livro 3 - E-book"
121428,"Livro 9 - E-book"
121429,"Livro 2 - E-book + Impresso"
121429,"Livro 3 - E-book + Impresso"
121430,"Livro 3 - E-book"
121431,"Livro 6 - E-book"
121432,"Livro 9 - E-book"
121433,"Livro 9 - E-book"
121433,"Livro 1 - E-book"
121433,"Livro 3 - E-book"
121434,"Livro 5 - E-book"
121435,"Livro 1 - E-book"
121436,"Livro 4 - E-book"
121437,"Livro 3 - E-book"
121439,"Livro 6 - E-book"
121440,"Livro 7 - E-book"
121440,"Livro 3 - E-book"
121440,"Livro 6 - E-book"
121441,"Livro 6 - E-book"
121442,"Livro 8 - E-book"
121442,"Livro 9 - E-book"
121442,"Livro 6 - E-book"
121442,"Livro 7 - E-book"
121443,"Livro 1 - E-book"
121443,"Livro 6 - E-book"
121444,"Livro 6 - E-book"
121445,"Livro 3 - E-book"
121446,"Livro 9 - E-book + Impresso"
121447,"Livro 6 - E-book"
121448,"Livro 6 - E-book"
121449,"Livro 3 - E-book"
121449,"Livro 2 - E-book"
121450,"Livro 5 - E-book"
121451,"Livro 4 - E-book"
121452,"Livro 9 - E-book"
121453,"Livro 9 - E-book + Impresso"
121455,"Livro 3 - E-book"
121457,"Livro 9 - E-book"
121458,"Livro 3 - E-book"
121459,"Livro 9 - E-book + Impresso"
121460,"Livro 3 - E-book"
121461,"Livro 2 - E-book"
121462,"Livro 9 - E-book"
121463,"Livro 9 - E-book"
121464,"Livro 9 - E-book"
121465,"Livro 9 - E-book + Impresso"
121466,"Livro 6 - E-book"
121467,"Livro 9 - E-book"
121468,"Livro 1 - E-book"
121468,"Livro 6 - E-book"
121469,"Livro 9 - E-book + Impresso"
121470,"Livro 8 - E-book"
121470,"Livro 9 - E-book"
121473,"Livro 9 - Impresso"
121474,"Livro 5 - E-book"
121474,"Livro 7 - E-book"
121474,"Livro 8 - E-book"
121474,"Livro 9 - E-book"
121475,"Livro 8 - E-book"
121475,"Livro 7 - E-book"
121475,"Livro 10 - E-book"
121475,"Livro 9 - E-book"
121475,"Livro 6 - E-book"
121476,"Livro 9 - E-book + Impresso"
121477,"Livro 4 - E-book"
121478,"Livro 10 - E-book"
121478,"Livro 9 - E-book"
121478,"Livro 4 - E-book"
121479,"Livro 4 - E-book + Impresso"
121481,"Livro 8 - E-book"
121482,"Livro 9 - E-book"
121483,"Livro 9 - E-book"
121485,"Livro 9 - E-book + Impresso"
121486,"Livro 10 - E-book"
121487,"Livro 5 - E-book + Impresso"
121488,"Livro 9 - E-book"
121489,"Livro 9 - E-book"
121490,"Livro 9 - E-book"
121491,"Livro 9 - E-book"
121492,"Livro 1 - E-book + Impresso"
121493,"Livro 9 - E-book"
121494,"Livro 7 - E-book"
121495,"Livro 7 - E-book"
121497,"Livro 1 - E-book"
121498,"Livro 3 - Impresso"
121499,"Livro 9 - Impresso"
121500,"Livro 4 - E-book"
121501,"Livro 3 - E-book + Impresso"
121502,"Livro 2 - Impresso"
121502,"Livro 9 - Impresso"
121503,"Livro 10 - E-book"
121504,"Livro 3 - E-book"
121505,"Livro 9 - E-book"
121506,"Livro 6 - E-book"
121507,"Livro 1 - E-book"
121508,"Livro 2 - E-book"
121508,"Livro 9 - E-book"
121508,"Livro 4 - E-book"
121509,"Livro 9 - E-book"
121510,"Livro 7 - E-book"
121511,"Livro 9 - Impresso"
121512,"Livro 9 - Impresso"
121513,"Livro 10 - E-book"
121514,"Livro 4 - E-book"
121514,"Livro 9 - E-book"
121515,"Livro 9 - E-book"
121516,"Livro 4 - E-book"
121516,"Livro 3 - E-book"
121517,"Livro 3 - E-book"
121518,"Livro 5 - E-book"
121519,"Livro 1 - E-book + Impresso"
121520,"Livro 4 - E-book + Impresso"
121521,"Livro 9 - E-book"
121522,"Livro 9 - E-book"
121523,"Livro 4 - E-book"
121523,"Livro 10 - E-book"
121524,"Livro 9 - E-book"
121525,"Livro 2 - E-book"
121525,"Livro 9 - E-book"
121526,"Livro 4 - E-book"
121527,"Livro 2 - E-book"
121528,"Livro 6 - E-book"
121529,"Livro 4 - E-book"
121530,"Livro 7 - E-book"
121531,"Livro 3 - E-book"
121533,"Livro 9 - E-book"
121534,"Livro 2 - E-book"
121535,"Livro 10 - E-book"
121535,"Livro 2 - E-book"
121535,"Livro 3 - E-book"
121536,"Livro 2 - E-book"
121536,"Livro 9 - E-book"
121536,"Livro 6 - E-book"
121537,"Livro 3 - E-book"
121538,"Livro 6 - E-book"
121538,"Livro 2 - E-book"
121539,"Livro 3 - E-book + Impresso"
121540,"Livro 9 - E-book"
121541,"Livro 1 - E-book + Impresso"
121542,"Livro 3 - Impresso"
121543,"Livro 10 - E-book + Impresso"
121544,"Livro 1 - E-book"
121545,"Livro 3 - E-book"
121546,"Livro 10 - E-book"
121547,"Livro 3 - E-book + Impresso"
121548,"Livro 7 - E-book"
121549,"Livro 7 - E-book"
121550,"Livro 3 - E-book"
121551,"Livro 5 - E-book"
121553,"Livro 7 - E-book"
121554,"Livro 9 - E-book"
121555,"Livro 7 - E-book"
121556,"Livro 2 - E-book"
121556,"Livro 3 - E-book"
121556,"Livro 6 - E-book"
121556,"Livro 7 - E-book"
121557,"Livro 3 - E-book"
121558,"Livro 4 - E-book"
121560,"Livro 3 - E-book + Impresso"
121562,"Livro 9 - E-book"
121563,"Livro 9 - E-book + Impresso"
121564,"Livro 4 - E-book"
121565,"Livro 9 - Impresso"
121566,"Livro 4 - E-book + Impresso"
121567,"Livro 2 - E-book"
121567,"Livro 9 - E-book + Impresso"
121568,"Livro 8 - E-book"
121569,"Livro 5 - E-book"
121570,"Livro 4 - E-book"
121571,"Livro 10 - E-book"
121572,"Livro 2 - E-book"
121572,"Livro 9 - E-book"
121572,"Livro 3 - E-book"
121573,"Livro 9 - E-book"
121573,"Livro 1 - E-book"
121573,"Livro 7 - E-book"
121573,"Livro 8 - E-book"
121573,"Livro 4 - E-book"
121573,"Livro 6 - E-book"
121573,"Livro 3 - E-book"
121573,"Livro 2 - E-book"
121574,"Livro 1 - E-book"
121575,"Livro 4 - E-book"
121576,"Livro 8 - E-book"
121577,"Livro 7 - E-book"
121578,"Livro 9 - E-book"
121579,"Livro 7 - E-book"
121579,"Livro 8 - E-book"
121580,"Livro 6 - E-book"
121581,"Livro 1 - Impresso"
121582,"Livro 6 - E-book"
121583,"Livro 7 - E-book"
121584,"Livro 7 - E-book"
121584,"Livro 10 - E-book"
121584,"Livro 9 - E-book"
121585,"Livro 3 - E-book"
121586,"Livro 9 - E-book"
121587,"Livro 9 - E-book"
121588,"Livro 5 - E-book"
121589,"Livro 9 - E-book"
121590,"Livro 6 - E-book"
121592,"Livro 3 - E-book"
121593,"Livro 9 - E-book + Impresso"
121594,"Livro 4 - E-book"
121595,"Livro 4 - E-book"
121596,"Livro 10 - E-book"
121596,"Livro 3 - E-book"
121596,"Livro 6 - E-book"
121597,"Livro 6 - E-book"
121597,"Livro 9 - E-book"
121597,"Livro 10 - E-book"
121597,"Livro 7 - E-book"
121598,"Livro 3 - E-book"
121599,"Livro 1 - E-book"
121600,"Livro 8 - E-book"
121600,"Livro 4 - E-book"
121600,"Livro 1 - E-book"
121602,"Livro 9 - E-book"
121603,"Livro 2 - Impresso"
121603,"Livro 5 - E-book + Impresso"
121604,"Livro 6 - E-book"
121605,"Livro 6 - E-book"
121605,"Livro 3 - E-book"
121606,"Livro 2 - E-book"
121607,"Livro 7 - E-book"
121608,"Livro 6 - E-book"
121609,"Livro 6 - E-book"
121610,"Livro 3 - E-book + Impresso"
121610,"Livro 10 - E-book + Impresso"
121611,"Livro 10 - E-book"
121612,"Livro 3 - E-book"
121613,"Livro 4 - E-book"
121614,"Livro 4 - E-book"
121614,"Livro 2 - E-book"
121615,"Livro 6 - E-book"
121616,"Livro 2 - E-book"
121617,"Livro 2 - E-book + Impresso"
121617,"Livro 3 - E-book + Impresso"
121618,"Livro 2 - E-book"
121619,"Livro 9 - E-book"
121619,"Livro 3 - E-book"
121620,"Livro 7 - E-book"
121621,"Livro 6 - E-book"
121622,"Livro 9 - E-book + Impresso"
121623,"Livro 1 - E-book"
121623,"Livro 6 - E-book"
121624,"Livro 4 - E-book"
121625,"Livro 6 - E-book"
121626,"Livro 3 - E-book"
121627,"Livro 8 - E-book"
121627,"Livro 7 - E-book"
121627,"Livro 6 - E-book"
121627,"Livro 4 - E-book + Impresso"
121628,"Livro 3 - Impresso"
121629,"Livro 3 - E-book"
121630,"Livro 2 - E-book"
121630,"Livro 10 - E-book"
121632,"Livro 9 - E-book"
121633,"Livro 6 - E-book"
121633,"Livro 4 - E-book"
121634,"Livro 7 - E-book"
121635,"Livro 6 - E-book"
121636,"Livro 7 - E-book"
121637,"Livro 2 - E-book"
121637,"Livro 8 - E-book"
121638,"Livro 2 - E-book"
121639,"Livro 7 - E-book + Impresso"
121640,"Livro 5 - E-book"
121642,"Livro 9 - E-book + Impresso"
121642,"Livro 8 - E-book"
121643,"Livro 3 - E-book"
121644,"Livro 6 - E-book + Impresso"
121645,"Livro 3 - E-book"
121646,"Livro 7 - E-book"
121647,"Livro 7 - E-book"
121648,"Livro 6 - E-book"
121649,"Livro 9 - E-book"
121651,"Livro 3 - E-book"
121652,"Livro 6 - E-book"
121653,"Livro 9 - E-book"
121656,"Livro 9 - E-book + Impresso"
121656,"Livro 4 - E-book + Impresso"
121657,"Livro 10 - E-book"
121657,"Livro 3 - E-book"
121658,"Livro 9 - E-book"
121658,"Livro 3 - E-book"
121659,"Livro 7 - E-book"
121660,"Livro 6 - E-book"
121661,"Livro 1 - E-book"
121662,"Livro 8 - E-book"
121663,"Livro 6 - E-book"
121664,"Livro 9 - Impresso"
121665,"Livro 8 - E-book + Impresso"
121667,"Livro 9 - E-book"
121668,"Livro 9 - E-book"
121668,"Livro 3 - E-book"
121669,"Livro 9 - E-book + Impresso"
121670,"Livro 9 - E-book + Impresso"
121671,"Livro 9 - E-book"
121671,"Livro 10 - E-book"
121672,"Livro 1 - E-book"
121673,"Livro 9 - E-book"
121675,"Livro 9 - E-book"
121675,"Livro 3 - E-book"
121675,"Livro 2 - E-book"
121675,"Livro 10 - E-book"
121676,"Livro 6 - E-book"
121676,"Livro 9 - E-book"
121677,"Livro 8 - E-book"
121678,"Livro 3 - E-book + Impresso"
121679,"Livro 6 - E-book"
121680,"Livro 9 - E-book"
121681,"Livro 9 - E-book + Impresso"
121682,"Livro 9 - E-book"
121683,"Livro 3 - E-book"
121684,"Livro 9 - E-book"
121685,"Livro 9 - E-book"
121686,"Livro 3 - E-book"
121687,"Livro 2 - E-book + Impresso"
121688,"Livro 3 - E-book"
121689,"Livro 6 - E-book"
121690,"Livro 6 - E-book"
121691,"Livro 6 - E-book"
121692,"Livro 1 - E-book"
121693,"Livro 4 - E-book"
121693,"Livro 10 - E-book"
121693,"Livro 9 - E-book"
121696,"Livro 9 - E-book"
121697,"Livro 6 - E-book"
121698,"Livro 4 - E-book"
121698,"Livro 3 - E-book"
121699,"Livro 9 - E-book"
121700,"Livro 10 - E-book"
121701,"Livro 1 - Impresso"
121702,"Livro 3 - E-book"
121702,"Livro 6 - E-book"
121703,"Livro 4 - E-book"
121704,"Livro 5 - E-book"
121705,"Livro 7 - E-book"
121706,"Livro 1 - E-book"
121706,"Livro 9 - E-book"
121706,"Livro 4 - E-book"
121708,"Livro 1 - E-book"
121708,"Livro 4 - E-book"
121709,"Livro 6 - E-book"
121710,"Livro 6 - E-book"
121711,"Livro 2 - E-book"
121712,"Livro 1 - E-book"
121713,"Livro 2 - E-book"
121713,"Livro 4 - E-book"
121714,"Livro 6 - E-book + Impresso"
121715,"Livro 6 - E-book"
121716,"Livro 6 - E-book"
121718,"Livro 9 - E-book"
121719,"Livro 4 - E-book + Impresso"
121720,"Livro 3 - E-book"
121721,"Livro 3 - E-book + Impresso"
121722,"Livro 2 - E-book + Impresso"
121724,"Livro 9 - E-book"
121727,"Livro 6 - E-book"
121728,"Livro 6 - E-book"
121729,"Livro 9 - E-book"
121732,"Livro 3 - Impresso"
121733,"Livro 4 - Impresso"
121735,"Livro 3 - E-book"
121736,"Livro 1 - E-book"
121737,"Livro 2 - E-book"
121740,"Livro 9 - E-book"
121741,"Livro 4 - E-book"
121742,"Livro 3 - E-book"
121743,"Livro 3 - E-book"
121744,"Livro 3 - E-book"
121747,"Livro 4 - E-book + Impresso"
121748,"Livro 2 - E-book"
121748,"Livro 3 - E-book"
121749,"Livro 3 - E-book"
121750,"Livro 5 - E-book"
121752,"Livro 9 - E-book"
121753,"Livro 6 - E-book"
121754,"Livro 9 - E-book"
121755,"Livro 8 - E-book"
121756,"Livro 9 - Impresso"
121758,"Livro 6 - E-book"
121759,"Livro 3 - E-book"
121760,"Livro 3 - E-book"
121761,"Livro 1 - E-book"
121764,"Livro 9 - E-book + Impresso"
121764,"Livro 4 - E-book + Impresso"
121765,"Livro 4 - E-book"
121766,"Livro 3 - E-book"
121766,"Livro 5 - E-book"
121768,"Livro 2 - E-book"
121769,"Livro 9 - E-book"
121770,"Livro 3 - E-book"
121771,"Livro 9 - E-book + Impresso"
121773,"Livro 9 - E-book"
121774,"Livro 9 - E-book"
121775,"Livro 4 - E-book"
121776,"Livro 9 - E-book"
121777,"Livro 1 - E-book"
121778,"Livro 6 - E-book + Impresso"
121779,"Livro 6 - E-book"
121780,"Livro 9 - E-book"
121781,"Livro 3 - E-book + Impresso"
121782,"Livro 3 - E-book"
121783,"Livro 9 - E-book"
121784,"Livro 10 - E-book"
121784,"Livro 9 - E-book"
121784,"Livro 3 - E-book"
121785,"Livro 3 - E-book"
121786,"Livro 9 - E-book"
121787,"Livro 5 - E-book"
121788,"Livro 1 - E-book"
121789,"Livro 1 - Impresso"
121790,"Livro 6 - E-book + Impresso"
121790,"Livro 9 - E-book + Impresso"
121790,"Livro 3 - Impresso"
121791,"Livro 3 - E-book"
121792,"Livro 9 - E-book"
121793,"Livro 9 - E-book"
121794,"Livro 3 - E-book"
121795,"Livro 2 - E-book"
121795,"Livro 6 - E-book"
121795,"Livro 1 - E-book"
121796,"Livro 6 - E-book"
121797,"Livro 9 - E-book + Impresso"
121798,"Livro 4 - E-book"
121799,"Livro 10 - E-book"
121800,"Livro 2 - E-book"
121801,"Livro 6 - E-book"
121802,"Livro 2 - E-book"
121803,"Livro 6 - E-book"
121804,"Livro 2 - E-book + Impresso"
121806,"Livro 8 - E-book"
121806,"Livro 2 - E-book"
121806,"Livro 4 - E-book"
121807,"Livro 3 - E-book"
121807,"Livro 10 - E-book"
121808,"Livro 6 - E-book"
121808,"Livro 3 - E-book"
121808,"Livro 2 - E-book"
121810,"Livro 3 - E-book"
121811,"Livro 3 - E-book + Impresso"
121812,"Livro 6 - E-book"
121812,"Livro 3 - E-book"
121813,"Livro 2 - E-book"
121814,"Livro 4 - E-book"
121814,"Livro 2 - E-book"
121815,"Livro 2 - E-book"
121815,"Livro 9 - E-book"
121815,"Livro 4 - E-book"
121815,"Livro 6 - E-book"
121816,"Livro 1 - E-book"
121817,"Livro 1 - E-book"
121819,"Livro 2 - E-book"
121821,"Livro 2 - E-book"
121821,"Livro 9 - E-book"
121821,"Livro 8 - E-book"
121822,"Livro 2 - E-book"
121823,"Livro 4 - E-book"
121824,"Livro 9 - E-book"
121825,"Livro 2 - E-book"
121825,"Livro 8 - E-book"
121825,"Livro 9 - E-book + Impresso"
121826,"Livro 3 - E-book"
121826,"Livro 6 - E-book"
121826,"Livro 2 - E-book"
121828,"Livro 5 - E-book"
121829,"Livro 2 - E-book"
121830,"Livro 6 - E-book"
121831,"Livro 1 - E-book"
121832,"Livro 5 - E-book"
121832,"Livro 2 - E-book"
121832,"Livro 8 - E-book"
121833,"Livro 4 - E-book"
121834,"Livro 9 - E-book"
121836,"Livro 9 - E-book"
121837,"Livro 9 - E-book + Impresso"
121838,"Livro 3 - E-book + Impresso"
121839,"Livro 9 - E-book + Impresso"
121840,"Livro 1 - E-book"
121841,"Livro 3 - E-book"
121842,"Livro 3 - E-book"
121843,"Livro 8 - E-book"
121844,"Livro 3 - E-book"
121845,"Livro 2 - E-book"
121846,"Livro 4 - E-book"
121848,"Livro 6 - E-book"
121851,"Livro 6 - E-book + Impresso"
121852,"Livro 2 - Impresso"
121853,"Livro 3 - E-book"
121855,"Livro 2 - E-book"
121855,"Livro 8 - E-book"
121856,"Livro 3 - E-book"
121857,"Livro 9 - E-book"
121858,"Livro 3 - E-book"
121859,"Livro 9 - E-book"
121860,"Livro 8 - E-book"
121861,"Livro 3 - E-book"
121862,"Livro 9 - E-book"
121863,"Livro 4 - Impresso"
121864,"Livro 3 - E-book"
121865,"Livro 6 - E-book"
121866,"Livro 9 - E-book"
121867,"Livro 5 - E-book + Impresso"
121867,"Livro 8 - E-book + Impresso"
121867,"Livro 10 - E-book + Impresso"
121867,"Livro 1 - Impresso"
121867,"Livro 4 - Impresso"
121868,"Livro 3 - E-book"
121868,"Livro 1 - E-book"
121869,"Livro 2 - E-book"
121869,"Livro 9 - E-book"
121869,"Livro 3 - E-book"
121869,"Livro 10 - E-book"
121870,"Livro 9 - E-book"
121872,"Livro 9 - E-book"
121874,"Livro 6 - E-book"
121875,"Livro 3 - E-book"
121876,"Livro 6 - E-book"
121876,"Livro 9 - E-book"
121877,"Livro 4 - Impresso"
121877,"Livro 9 - Impresso"
121878,"Livro 3 - E-book"
121879,"Livro 2 - E-book"
121880,"Livro 6 - E-book"
121882,"Livro 1 - E-book"
121883,"Livro 3 - Impresso"
121884,"Livro 9 - E-book + Impresso"
121885,"Livro 3 - E-book"
121886,"Livro 10 - E-book"
121887,"Livro 9 - E-book"
121888,"Livro 3 - E-book"
121889,"Livro 5 - E-book"
121889,"Livro 2 - E-book"
121889,"Livro 9 - E-book"
121890,"Livro 4 - E-book"
121891,"Livro 9 - E-book"
121891,"Livro 3 - E-book"
121892,"Livro 10 - E-book"
121893,"Livro 9 - E-book"
121894,"Livro 2 - E-book"
121895,"Livro 1 - E-book"
121896,"Livro 6 - E-book + Impresso"
121899,"Livro 3 - E-book"
121900,"Livro 9 - E-book"
121901,"Livro 8 - E-book"
121902,"Livro 2 - E-book + Impresso"
121903,"Livro 9 - E-book"
121904,"Livro 3 - E-book"
121905,"Livro 2 - E-book"
121906,"Livro 3 - E-book"
121907,"Livro 3 - Impresso"
121907,"Livro 7 - E-book + Impresso"
121908,"Livro 9 - E-book"
121909,"Livro 9 - Impresso"
121910,"Livro 10 - E-book"
121910,"Livro 3 - E-book"
121912,"Livro 9 - E-book"
121913,"Livro 2 - E-book"
121913,"Livro 1 - E-book"
121914,"Livro 9 - E-book"
121915,"Livro 4 - E-book"
121916,"Livro 9 - E-book"
121917,"Livro 3 - E-book + Impresso"
121918,"Livro 3 - E-book"
121920,"Livro 3 - E-book"
121921,"Livro 9 - E-book"
121922,"Livro 9 - E-book"
121923,"Livro 2 - E-book"
121925,"Livro 7 - E-book"
121926,"Livro 4 - E-book"
121927,"Livro 8 - E-book"
121928,"Livro 9 - E-book + Impresso"
121929,"Livro 3 - Impresso"
121930,"Livro 3 - E-book"
121930,"Livro 6 - E-book"
121931,"Livro 3 - E-book"
121932,"Livro 10 - E-book"
121933,"Livro 9 - Impresso"
121933,"Livro 4 - E-book"
121934,"Livro 10 - E-book"
121934,"Livro 4 - E-book"
121934,"Livro 6 - E-book"
121935,"Livro 6 - E-book"
121936,"Livro 9 - E-book"
121937,"Livro 2 - E-book"
121939,"Livro 3 - E-book"
121939,"Livro 6 - E-book"
121940,"Livro 7 - E-book"
121941,"Livro 2 - Impresso"
121942,"Livro 4 - E-book"
121943,"Livro 2 - E-book"
121944,"Livro 3 - E-book"
121945,"Livro 1 - E-book"
121946,"Livro 3 - E-book + Impresso"
121947,"Livro 3 - E-book"
121949,"Livro 3 - Impresso"
121950,"Livro 4 - E-book"
121951,"Livro 3 - Impresso"
121952,"Livro 3 - Impresso"
121953,"Livro 2 - E-book + Impresso"
121954,"Livro 1 - E-book"
121955,"Livro 3 - E-book"
121956,"Livro 4 - E-book"
121957,"Livro 9 - E-book"
121958,"Livro 8 - E-book"
121959,"Livro 9 - E-book"
121960,"Livro 8 - E-book"
121961,"Livro 2 - E-book"
121962,"Livro 3 - E-book"
121965,"Livro 3 - E-book"
121966,"Livro 3 - E-book"
121967,"Livro 6 - E-book + Impresso"
121967,"Livro 3 - E-book + Impresso"
121968,"Livro 3 - E-book + Impresso"
121971,"Livro 3 - E-book"
121972,"Livro 6 - E-book"
121973,"Livro 3 - E-book"
121973,"Livro 7 - E-book"
121974,"Livro 1 - E-book + Impresso"
121974,"Livro 5 - E-book + Impresso"
121975,"Livro 3 - E-book"
121976,"Livro 1 - E-book"
121979,"Livro 3 - E-book"
121980,"Livro 9 - E-book"
121983,"Livro 7 - E-book"
121983,"Livro 2 - E-book"
121984,"Livro 4 - E-book + Impresso"
121986,"Livro 10 - E-book"
121987,"Livro 1 - E-book + Impresso"
121988,"Livro 9 - E-book"
121989,"Livro 3 - E-book"
121990,"Livro 3 - E-book"
121991,"Livro 9 - E-book + Impresso"
121992,"Livro 2 - E-book"
121993,"Livro 2 - E-book"
121994,"Livro 6 - E-book + Impresso"
121995,"Livro 7 - E-book"
121997,"Livro 4 - E-book"
121998,"Livro 3 - E-book"
121999,"Livro 8 - E-book"
122000,"Livro 5 - E-book"
122001,"Livro 3 - E-book"
122002,"Livro 3 - E-book"
122002,"Livro 6 - E-book"
122003,"Livro 6 - E-book"
122004,"Livro 2 - E-book"
122005,"Livro 3 - E-book"
122006,"Livro 6 - E-book"
